{"cameraMode":{"drawMode":0,"name":"Shaded","section":"Shading Mode"},"sceneLighting":true,"audioPlay":false,"sceneViewState":{"m_AlwaysRefresh":false,"showFog":true,"showSkybox":true,"showFlares":true,"showImageEffects":true,"showParticleSystems":true,"showVisualEffectGraphs":true,"m_FxEnabled":false},"in2DMode":false,"pivot":{"x":0.6690609455108643,"y":0.7288920879364014,"z":0.31989622116088869},"rotation":{"x":-0.0853501558303833,"y":0.9100329875946045,"z":-0.23460730910301209,"w":-0.33103376626968386},"size":2.70739483833313,"orthographic":false}