{"cameraMode":{"drawMode":0,"name":"Shaded","section":"Shading Mode"},"sceneLighting":true,"audioPlay":false,"sceneViewState":{"m_AlwaysRefresh":false,"showFog":true,"showSkybox":true,"showFlares":true,"showImageEffects":true,"showParticleSystems":true,"showVisualEffectGraphs":true,"m_FxEnabled":false},"in2DMode":false,"pivot":{"x":2.7478485107421877,"y":3.2624893188476564,"z":3.257114887237549},"rotation":{"x":-0.1386067122220993,"y":0.8196185231208801,"z":-0.22315463423728944,"w":-0.5091779828071594},"size":0.16833817958831788,"orthographic":false}