{"cameraMode":{"drawMode":0,"name":"Shaded","section":"Shading Mode"},"sceneLighting":true,"audioPlay":false,"sceneViewState":{"m_AlwaysRefresh":false,"showFog":true,"showSkybox":true,"showFlares":true,"showImageEffects":true,"showParticleSystems":true,"showVisualEffectGraphs":true,"m_FxEnabled":false},"in2DMode":false,"pivot":{"x":0.30754637718200686,"y":0.2966840863227844,"z":0.12511491775512696},"rotation":{"x":-0.35416632890701296,"y":-0.29479360580444338,"z":0.11871447414159775,"w":-0.8795444369316101},"size":0.8287295699119568,"orthographic":false}