{"cameraMode":{"drawMode":0,"name":"Shaded","section":"Shading Mode"},"sceneLighting":true,"audioPlay":false,"sceneViewState":{"m_AlwaysRefresh":false,"showFog":true,"showSkybox":true,"showFlares":true,"showImageEffects":true,"showParticleSystems":true,"showVisualEffectGraphs":true,"m_FxEnabled":false},"in2DMode":false,"pivot":{"x":-1.6230480670928956,"y":0.5190702080726624,"z":0.4379754662513733},"rotation":{"x":-0.15353284776210786,"y":0.7781948447227478,"z":-0.5720505118370056,"w":-0.20885007083415986},"size":0.8660253882408142,"orthographic":false}