{"cameraMode":{"drawMode":0,"name":"Shaded","section":"Shading Mode"},"sceneLighting":true,"audioPlay":false,"sceneViewState":{"m_AlwaysRefresh":false,"showFog":true,"showSkybox":true,"showFlares":true,"showImageEffects":true,"showParticleSystems":true,"showVisualEffectGraphs":true,"m_FxEnabled":false},"in2DMode":false,"pivot":{"x":-0.9167499542236328,"y":0.6217160224914551,"z":1.6043182611465455},"rotation":{"x":-0.28757527470588686,"y":0.5704481601715088,"z":-0.22277270257472993,"w":-0.7363855242729187},"size":3.007394790649414,"orthographic":false}