{"cameraMode":{"drawMode":0,"name":"Shaded","section":"Shading Mode"},"sceneLighting":true,"audioPlay":false,"sceneViewState":{"m_AlwaysRefresh":false,"showFog":true,"showSkybox":true,"showFlares":true,"showImageEffects":true,"showParticleSystems":true,"showVisualEffectGraphs":true,"m_FxEnabled":false},"in2DMode":false,"pivot":{"x":-0.5981359481811523,"y":0.2539249062538147,"z":0.019215833395719529},"rotation":{"x":-0.10545185208320618,"y":0.6979807019233704,"z":-0.10504648089408875,"w":-0.7005020380020142},"size":0.3476344347000122,"orthographic":false}