{"cameraMode":{"drawMode":0,"name":"Shaded","section":"Shading Mode"},"sceneLighting":true,"audioPlay":false,"sceneViewState":{"m_AlwaysRefresh":false,"showFog":true,"showSkybox":true,"showFlares":true,"showImageEffects":true,"showParticleSystems":true,"showVisualEffectGraphs":true,"m_FxEnabled":false},"in2DMode":false,"pivot":{"x":-0.6904237270355225,"y":1.177772045135498,"z":0.5040405988693237},"rotation":{"x":0.24718916416168214,"y":-0.6970001459121704,"z":0.2819099426269531,"w":0.6113053560256958},"size":0.35618501901626589,"orthographic":false}