{"cameraMode":{"drawMode":0,"name":"Shaded","section":"Shading Mode"},"sceneLighting":true,"audioPlay":false,"sceneViewState":{"m_AlwaysRefresh":false,"showFog":true,"showSkybox":true,"showFlares":true,"showImageEffects":true,"showParticleSystems":true,"showVisualEffectGraphs":true,"m_FxEnabled":false},"in2DMode":false,"pivot":{"x":-0.476810097694397,"y":0.27102041244506838,"z":-0.19810223579406739},"rotation":{"x":-0.1706831306219101,"y":0.8268957734107971,"z":-0.41206568479537966,"w":-0.3425110876560211},"size":1.2413051128387452,"orthographic":false}