{"cameraMode":{"drawMode":0,"name":"Shaded","section":"Shading Mode"},"sceneLighting":true,"audioPlay":false,"sceneViewState":{"m_AlwaysRefresh":false,"showFog":true,"showSkybox":true,"showFlares":true,"showImageEffects":true,"showParticleSystems":true,"showVisualEffectGraphs":true,"m_FxEnabled":true},"in2DMode":false,"pivot":{"x":-0.6502845883369446,"y":0.5409145951271057,"z":-0.12784209847450257},"rotation":{"x":-0.27534690499305727,"y":0.6806485056877136,"z":-0.31035906076431277,"w":-0.6038713455200195},"size":2.60844349861145,"orthographic":false}