{"cameraMode":{"drawMode":0,"name":"Shaded","section":"Shading Mode"},"sceneLighting":true,"audioPlay":false,"sceneViewState":{"m_AlwaysRefresh":false,"showFog":true,"showSkybox":true,"showFlares":true,"showImageEffects":true,"showParticleSystems":true,"showVisualEffectGraphs":true,"m_FxEnabled":true},"in2DMode":false,"pivot":{"x":1.2213222980499268,"y":0.6356117725372315,"z":0.4363490343093872},"rotation":{"x":0.18182775378227235,"y":0.7448333501815796,"z":-0.22424724698066712,"w":0.6018977761268616},"size":0.8545417189598084,"orthographic":false}