{"cameraMode":{"drawMode":0,"name":"Shaded","section":"Shading Mode"},"sceneLighting":true,"audioPlay":false,"sceneViewState":{"m_AlwaysRefresh":false,"showFog":true,"showSkybox":true,"showFlares":true,"showImageEffects":true,"showParticleSystems":true,"showVisualEffectGraphs":true,"m_FxEnabled":true},"in2DMode":false,"pivot":{"x":-0.9299951791763306,"y":0.015116184949874878,"z":-0.29568880796432497},"rotation":{"x":-0.0875430628657341,"y":0.8710683584213257,"z":-0.16824881732463838,"w":-0.4531500041484833},"size":2.6289525032043459,"orthographic":false}