{"cameraMode":{"drawMode":0,"name":"Shaded","section":"Shading Mode"},"sceneLighting":true,"audioPlay":false,"sceneViewState":{"m_AlwaysRefresh":false,"showFog":true,"showSkybox":true,"showFlares":true,"showImageEffects":true,"showParticleSystems":true,"showVisualEffectGraphs":true,"m_FxEnabled":true},"in2DMode":false,"pivot":{"x":-1.9780757427215577,"y":-0.45236897468566897,"z":-1.0942054986953736},"rotation":{"x":-0.07074473798274994,"y":0.9118669033050537,"z":-0.17755833268165589,"w":-0.3633619546890259},"size":2.1501901149749758,"orthographic":false}