{"cameraMode":{"drawMode":0,"name":"Shaded","section":"Shading Mode"},"sceneLighting":true,"audioPlay":false,"sceneViewState":{"m_AlwaysRefresh":false,"showFog":true,"showSkybox":true,"showFlares":true,"showImageEffects":true,"showParticleSystems":true,"showVisualEffectGraphs":true,"m_FxEnabled":true},"in2DMode":false,"pivot":{"x":-2.0662283897399904,"y":-1.1373302936553956,"z":0.10892724990844727},"rotation":{"x":-0.3574817478656769,"y":0.5559625029563904,"z":-0.2864575684070587,"w":-0.6937008500099182},"size":2.9084434509277345,"orthographic":false}
=======
﻿{"cameraMode":{"drawMode":0,"name":"Shaded","section":"Shading Mode"},"sceneLighting":true,"audioPlay":false,"sceneViewState":{"m_AlwaysRefresh":false,"showFog":true,"showSkybox":true,"showFlares":true,"showImageEffects":true,"showParticleSystems":true,"showVisualEffectGraphs":true,"m_FxEnabled":true},"in2DMode":false,"pivot":{"x":0.14400482177734376,"y":1.2825654745101929,"z":-0.6600674390792847},"rotation":{"x":0.0017389400163665414,"y":0.9749170541763306,"z":-0.22344763576984406,"w":0.006059342063963413},"size":2.235785961151123,"orthographic":false}
