{"cameraMode":{"drawMode":0,"name":"Shaded","section":"Shading Mode"},"sceneLighting":true,"audioPlay":false,"sceneViewState":{"m_AlwaysRefresh":false,"showFog":true,"showSkybox":true,"showFlares":true,"showImageEffects":true,"showParticleSystems":true,"showVisualEffectGraphs":true,"m_FxEnabled":true},"in2DMode":false,"pivot":{"x":0.03801530599594116,"y":0.5728137493133545,"z":-0.0785139799118042},"rotation":{"x":-0.38226860761642458,"y":0.4305415451526642,"z":-0.20814421772956849,"w":-0.7907353043556213},"size":0.22895270586013795,"orthographic":false}
﻿{"cameraMode":{"drawMode":0,"name":"Shaded","section":"Shading Mode"},"sceneLighting":true,"audioPlay":false,"sceneViewState":{"m_AlwaysRefresh":false,"showFog":true,"showSkybox":true,"showFlares":true,"showImageEffects":true,"showParticleSystems":true,"showVisualEffectGraphs":true,"m_FxEnabled":true},"in2DMode":false,"pivot":{"x":-2.0662283897399904,"y":-1.1373302936553956,"z":0.10892724990844727},"rotation":{"x":-0.3574817478656769,"y":0.5559625029563904,"z":-0.2864575684070587,"w":-0.6937008500099182},"size":2.9084434509277345,"orthographic":false}
