{"cameraMode":{"drawMode":0,"name":"Shaded","section":"Shading Mode"},"sceneLighting":true,"audioPlay":false,"sceneViewState":{"m_AlwaysRefresh":false,"showFog":true,"showSkybox":true,"showFlares":true,"showImageEffects":true,"showParticleSystems":true,"showVisualEffectGraphs":true,"m_FxEnabled":true},"in2DMode":false,"pivot":{"x":0.03801530599594116,"y":0.5728137493133545,"z":-0.0785139799118042},"rotation":{"x":-0.38226860761642458,"y":0.4305415451526642,"z":-0.20814421772956849,"w":-0.7907353043556213},"size":0.22895270586013795,"orthographic":false}