{"cameraMode":{"drawMode":0,"name":"Shaded","section":"Shading Mode"},"sceneLighting":true,"audioPlay":false,"sceneViewState":{"m_AlwaysRefresh":false,"showFog":true,"showSkybox":true,"showFlares":true,"showImageEffects":true,"showParticleSystems":true,"showVisualEffectGraphs":true,"m_FxEnabled":true},"in2DMode":false,"pivot":{"x":-0.610866904258728,"y":1.4137804508209229,"z":0.16168975830078126},"rotation":{"x":0.0022638856898993255,"y":0.9156606197357178,"z":0.005220688413828611,"w":-0.4020068347454071},"size":2.00207257270813,"orthographic":false}