{"cameraMode":{"drawMode":0,"name":"Shaded","section":"Shading Mode"},"sceneLighting":true,"audioPlay":false,"sceneViewState":{"m_AlwaysRefresh":false,"showFog":true,"showSkybox":true,"showFlares":true,"showImageEffects":true,"showParticleSystems":true,"showVisualEffectGraphs":true,"m_FxEnabled":true},"in2DMode":false,"pivot":{"x":0.2163715362548828,"y":0.409368634223938,"z":0.35273778438568118},"rotation":{"x":-0.09843498468399048,"y":0.8902831673622131,"z":-0.3804091513156891,"w":-0.23036032915115357},"size":1.8979272842407227,"orthographic":false}